{
  "xi_parameter": {
    "xi_higgs": 0.00012374802104410314,
    "xi_higgs_ratio": "2171294835686889574337/17546097443554687500000000",
    "xi_planck_compton": 4.437384898841429e-35,
    "final_value": 0.00012374802104410314
  },
  "beta_T_parameter": {
    "beta_T_natural": 1.0,
    "beta_T_SI": 0.000123748021,
    "T_CMB_observed": 2.72548,
    "T_CMB_predicted": 2.73033783209733,
    "agreement_CMB": 0.1782376717983647
  },
  "qed_anomalies": {
    "a_qed_first_order": 1.1614096332323187e-12,
    "a_qed_second_order": -7.381329172901982e-24,
    "a_T0_correction": 2.31e-10,
    "a_electron_total": 2.3216140963322494e-10,
    "a_muon_total": 2.3216140963322494e-10,
    "a_tau_total": 2.3216140963322494e-10,
    "a_muon_experimental": 0.00011659209,
    "T0_contribution_percent": 0.00019812664821429997,
    "calculation_method": "SM_QED_Extension"
  },
  "cosmological": {
    "H0_T0": 69.9,
    "H0_observed": 67.4,
    "agreement_H0": 3.70919881305638,
    "kappa": 0.0085977
  },
  "dimensional_consistency": {
    "checks": [
      {
        "equation": "\u03be = \u03bb\u00b2v\u00b2/(16\u03c0\u00b3m_h\u00b2)",
        "dimensionless": true,
        "verified": true
      },
      {
        "equation": "a_l = a_l^QED + a_l^T0",
        "dimensionless": true,
        "verified": true
      },
      {
        "equation": "\u03b2T = \u03be \u00d7 \u03b2",
        "dimensionless": true,
        "verified": true
      }
    ],
    "all_consistent": true,
    "method": "Ratio_Based_Verification"
  },
  "quantum_algorithms": {
    "deutsch": {
      "E0_after_H": 0.500030937,
      "E1_after_H": 0.500030937,
      "xi_effect": "0.012375%"
    },
    "grover": {
      "standard_iterations": 1,
      "T0_iterations": 1,
      "success_probability": 0.999876252
    },
    "xi_correction_percent": 0.0123748,
    "calculation_method": "Exact_Ratios"
  }
}